Percentile of C_{max} of Raltegravir.;;;;;;;;;
;;;;;;;;;
C_{max} [µg/l];;;;;;;;;
;5^{th} prctl.;25^{th} prctl.;50^{th} prctl.;75^{th} prctl.;95^{th} prctl.;arith. mean;std;geo. mean;geo. CV
Larson 2013 8y-18y 400mg FCT meal;497.766794551539;753.262874344816;979.741944069325;1243.06614856017;1987.40720648343;1075.70346023028;510.351745354076;981.603497714242;0.439687709333406
Filmcoated_tablet_400mg_sd;2436.15146715588;3222.34184169259;3954.53840409578;4665.15943034375;5427.49526571199;3940.92089826315;908.889520240677;3833.69881293154;0.243241104402039
