Percentile of Vd of Raltegravir.;;;;;;;;;
;;;;;;;;;
Vd [ml/kg];;;;;;;;;
;5^{th} prctl.;25^{th} prctl.;50^{th} prctl.;75^{th} prctl.;95^{th} prctl.;arith. mean;std;geo. mean;geo. CV
Larson 2013 8y-18y 400mg FCT meal;1114.8207430125;1465.3672154511;1760.06580133585;2335.92666109274;4224.65829375642;2165.97783724088;1567.94602135641;1933.65164546081;0.440381564664759
Filmcoated_tablet_400mg_sd;3976.69100479835;5967.96549767545;7799.04932460324;11034.1803890867;19279.7439242914;9049.15018673163;4704.92435678279;8095.65769628424;0.490047538107531
