Percentile of CL of Raltegravir.;;;;;;;;;
;;;;;;;;;
CL [ml/min/kg];;;;;;;;;
;5^{th} prctl.;25^{th} prctl.;50^{th} prctl.;75^{th} prctl.;95^{th} prctl.;arith. mean;std;geo. mean;geo. CV
Larson 2013 8y-18y 400mg FCT meal;4.34198756344743;5.75630475629657;7.07086037134578;8.61829843806165;11.2075031241449;7.38337149305364;2.24164124076877;7.04076554070661;0.331092936112378
Filmcoated_tablet_400mg_sd;6.16334830111638;8.46095984731432;10.0446463660478;11.7478806682227;15.1817292699498;10.3633220096686;2.82247466217377;9.97987263043568;0.285931044109931
