Percentile of C_{max} norm of Raltegravir.;;;;;;;;;
;;;;;;;;;
C_{max} norm [kg/l];;;;;;;;;
;5^{th} prctl.;25^{th} prctl.;50^{th} prctl.;75^{th} prctl.;95^{th} prctl.;arith. mean;std;geo. mean;geo. CV
Larson 2013 8y-18y 400mg FCT meal;0.227532216705971;0.335661546494526;0.439325878109748;0.547336799297794;0.842991523566954;0.466977833751681;0.189219617292109;0.432498096767281;0.410699921367113
Filmcoated_tablet_400mg_sd;0.433575762148834;0.553634789698407;0.62456635876991;0.729313171526119;0.878972124707382;0.637535155945234;0.133055682680661;0.623171324140625;0.221571875675572
