Percentile of AUC_{last} of Raltegravir.;;;;;;;;;
;;;;;;;;;
AUC_{last} [µg*h/l];;;;;;;;;
;5^{th} prctl.;25^{th} prctl.;50^{th} prctl.;75^{th} prctl.;95^{th} prctl.;arith. mean;std;geo. mean;geo. CV
Larson 2013 8y-18y 400mg FCT meal;3066.61825589294;3970.37958429822;4871.79668620231;5936.62082613728;8052.07495220915;5102.97977681075;1545.29837270537;4883.24702386181;0.303580446403098
Filmcoated_tablet_400mg_sd;6298.92176816384;8188.94509919077;9637.50736224784;11718.0097359527;14928.8458494727;10129.7002940469;2672.29203826217;9784.55824626375;0.271478608800812
