Percentile of AUC_{inf} norm of Raltegravir.;;;;;;;;;
;;;;;;;;;
AUC_{inf} norm [kg*h/l];;;;;;;;;
;5^{th} prctl.;25^{th} prctl.;50^{th} prctl.;75^{th} prctl.;95^{th} prctl.;arith. mean;std;geo. mean;geo. CV
Larson 2013 8y-18y 400mg FCT meal;1.4871191904817;1.9338699890696;2.35709251103224;2.89537613081598;3.83850877338536;2.52690187593896;1.51069837958599;2.36716683296828;0.331092936112378
Filmcoated_tablet_400mg_sd;1.09781739532865;1.41877860736599;1.65925930193987;1.96998395026744;2.70491438084006;1.73846047597;0.522022116766026;1.67002799372792;0.285931044109931
