Percentile of Vss of Raltegravir.;;;;;;;;;
;;;;;;;;;
Vss [ml/kg];;;;;;;;;
;5^{th} prctl.;25^{th} prctl.;50^{th} prctl.;75^{th} prctl.;95^{th} prctl.;arith. mean;std;geo. mean;geo. CV
Larson 2013 8y-18y 400mg FCT meal;1329.09961138175;1694.66394922599;2058.49301947872;2602.02570133435;4342.89658915319;2379.33330297584;1444.16144139319;2180.94348398185;0.389630320982763
Filmcoated_tablet_400mg_sd;1993.71599531981;2569.39855629491;3064.17900265595;3715.71954915536;5578.20781193657;3384.5259932752;1669.90498602328;3164.70739191749;0.345834992765778
