Percentile of C_{tEnd} of Raltegravir.;;;;;;;;;
;;;;;;;;;
C_{tEnd} [µg/l];;;;;;;;;
;5^{th} prctl.;25^{th} prctl.;50^{th} prctl.;75^{th} prctl.;95^{th} prctl.;arith. mean;std;geo. mean;geo. CV
Larson 2013 8y-18y 400mg FCT meal;30.5179726216822;49.7331682788186;70.0372886914627;105.898128974124;187.005980724093;85.3743964907504;55.0550342506982;72.7636173888316;0.599039940193496
Filmcoated_tablet_400mg_sd;18.5567609762267;25.7232392976342;32.3482309857503;42.1220043040535;62.7590010373089;35.3857852469901;14.2064782145293;33.0104722209799;0.380259814887625
