Percentile of AUC_{last} norm of Raltegravir.;;;;;;;;;
;;;;;;;;;
AUC_{last} norm [kg*h/l];;;;;;;;;
;5^{th} prctl.;25^{th} prctl.;50^{th} prctl.;75^{th} prctl.;95^{th} prctl.;arith. mean;std;geo. mean;geo. CV
Larson 2013 8y-18y 400mg FCT meal;1.32225224509945;1.78244702338382;2.18565755566694;2.62697600053352;3.39968664760645;2.23814211509333;0.630093854861274;2.1515765263497;0.289567023277484
Filmcoated_tablet_400mg_sd;1.0264563101229;1.35533204948126;1.56441444732787;1.89425134876034;2.58652304312953;1.65899501584072;0.508408126645349;1.59048908534175;0.294081650958078
