Percentile of AUC_{inf} of Raltegravir.;;;;;;;;;
;;;;;;;;;
AUC_{inf} [µg*h/l];;;;;;;;;
;5^{th} prctl.;25^{th} prctl.;50^{th} prctl.;75^{th} prctl.;95^{th} prctl.;arith. mean;std;geo. mean;geo. CV
Larson 2013 8y-18y 400mg FCT meal;3361.92687174741;4289.01928410362;5278.26971558014;6473.61382939214;8915.72216198496;5782.46523422317;3881.03630801682;5372.55368354859;0.342893736410231
Filmcoated_tablet_400mg_sd;6561.32214955718;8838.6033108952;10126.5422434807;12248.260879328;15521.2915266655;10623.4650594723;2747.70861043678;10273.8750791306;0.266874793637082
