Percentile of MRT of Raltegravir.;;;;;;;;;
;;;;;;;;;
MRT [h];;;;;;;;;
;5^{th} prctl.;25^{th} prctl.;50^{th} prctl.;75^{th} prctl.;95^{th} prctl.;arith. mean;std;geo. mean;geo. CV
Larson 2013 8y-18y 400mg FCT meal;3.47818251681413;4.3054729175936;4.94325777728401;5.68550411783119;8.80676704701074;6.85213525943715;23.6859409578458;5.16265707986009;0.418728905515583
Filmcoated_tablet_400mg_sd;4.35481883831371;4.73636009088963;5.1117656689502;5.62683642125233;6.87973854580121;5.42906039787711;1.77057033841274;5.28514993645987;0.203738743729311
