Percentile of C_{max} norm of Raltegravir.;;;;;;;;;
;;;;;;;;;
C_{max} norm [kg/l];;;;;;;;;
;5^{th} prctl.;25^{th} prctl.;50^{th} prctl.;75^{th} prctl.;95^{th} prctl.;arith. mean;std;geo. mean;geo. CV
Sick adults 400mg sd;0.382355150815906;0.487402094505324;0.59799667082322;0.724147078803392;0.834503661284668;0.607513046009632;0.146169857660973;0.589037150243339;0.260314876107185
Healthy adults 400mg sd;0.354996657812802;0.52646278063434;0.620731857520349;0.713822877670796;0.846327288982322;0.61974487478329;0.135647930245721;0.604004015846711;0.237297475392962
