Percentile of C_{tEnd} of Raltegravir.;;;;;;;;;
;;;;;;;;;
C_{tEnd} [µg/l];;;;;;;;;
;5^{th} prctl.;25^{th} prctl.;50^{th} prctl.;75^{th} prctl.;95^{th} prctl.;arith. mean;std;geo. mean;geo. CV
Sick adults 400mg sd;21.0182237991868;26.6992451142253;33.8034950486779;48.5868782529048;89.4989927130339;42.5186534767975;26.8851378968585;37.3747253341825;0.499959369841711
Healthy adults 400mg sd;20.0213385041688;26.2317386944909;32.6222210997624;44.7444787115801;100.00875364787;40.9986312011408;28.3743873199302;35.8606413181275;0.492734643689329
