Percentile of AUC_{last} norm of Raltegravir.;;;;;;;;;
;;;;;;;;;
AUC_{last} norm [kg*h/l];;;;;;;;;
;5^{th} prctl.;25^{th} prctl.;50^{th} prctl.;75^{th} prctl.;95^{th} prctl.;arith. mean;std;geo. mean;geo. CV
Sick adults 400mg sd;1.08275172590558;1.33045308675178;1.60073678031236;2.01222137672472;2.7574419141132;1.72323571101127;0.539810887920275;1.64824984705173;0.302487502154589
Healthy adults 400mg sd;1.00790364310931;1.3574606601853;1.56542742432423;1.98079667987959;2.4990326552147;1.67677429352073;0.451328806122837;1.61752598117371;0.276516633031959
