Percentile of AUC_{inf} of Raltegravir.;;;;;;;;;
;;;;;;;;;
AUC_{inf} [µg*h/l];;;;;;;;;
;5^{th} prctl.;25^{th} prctl.;50^{th} prctl.;75^{th} prctl.;95^{th} prctl.;arith. mean;std;geo. mean;geo. CV
Sick adults 400mg sd;7016.07570063432;8564.96024407629;10105.454091183;12824.7250705856;16053.9961514032;10623.2471410261;2755.50230731863;10288.3442399285;0.257039886372737
Healthy adults 400mg sd;7045.52131156251;8615.7619831637;10604.5468773445;12531.4098665561;16576.684783157;10889.2957163057;2831.50585936703;10536.5743448207;0.262325795048519
