Percentile of AUC_{inf} norm of Raltegravir.;;;;;;;;;
;;;;;;;;;
AUC_{inf} norm [kg*h/l];;;;;;;;;
;5^{th} prctl.;25^{th} prctl.;50^{th} prctl.;75^{th} prctl.;95^{th} prctl.;arith. mean;std;geo. mean;geo. CV
Sick adults 400mg sd;1.17319261408908;1.43423876673933;1.66408010757147;2.13060127419205;2.87573926410833;1.82504051627201;0.56097281060924;1.74930948771802;0.293583241515622
Healthy adults 400mg sd;1.06746154380256;1.47137927261676;1.70646640466725;2.11432425811639;2.60241724741572;1.77863456542803;0.465474729614964;1.7184346781426;0.27123256057725
