simulationName;Sick_adults_400mg_sd;Sick_adults_400mg_sd;Sick_adults_400mg_sd;Sick_adults_400mg_sd;Sick_adults_400mg_sd;R-square;pValue;Sick_adults_400mg_sd;Sick_adults_400mg_sd;Sick_adults_400mg_sd;Sick_adults_400mg_sd;Sick_adults_400mg_sd
;5^{th}-Individual ID 36;5^{th}-Individual ID 36;5^{th}-Individual ID 36;5^{th}-Individual ID 36;5^{th}-Individual ID 36;;;95^{th}-Individual ID 40;95^{th}-Individual ID 40;95^{th}-Individual ID 40;95^{th}-Individual ID 40;95^{th}-Individual ID 40
;Lipophilicity;Specific intestinal permeability (transcellular);Raltegravir-UGT1A9-Kassahun 2007|In vitro Vmax for liver microsomes;Raltegravir-UGT1A1-Kassahun 2007|In vitro Vmax for liver microsomes;Dissolution shape;;;Lipophilicity;Specific intestinal permeability (transcellular);Raltegravir-UGT1A9-Kassahun 2007|In vitro Vmax for liver microsomes;Raltegravir-UGT1A1-Kassahun 2007|In vitro Vmax for liver microsomes;Dissolution shape
;-0.44064039520584;0.0588306848914445;-0.254213455083379;-0.422839008992755;0.844148372778844;;;-0.232337830056043;0.0709626399364337;-0.363050239250872;-0.38986379153134;0.851004616598879
;-0.463268840945191;0.053525316253707;-0.263359960648026;-0.450659406532075;0.82673674831792;;;-0.243640595966568;0.0640190305306963;-0.379470459040689;-0.410074136907253;0.833861905402266
;-0.41801194946649;0.064136053529182;-0.245066949518733;-0.395018611453434;0.861559997239768;;;-0.221035064145519;0.077906249342171;-0.346630019461054;-0.369653446155427;0.868147327795493
;0.999219449874879;0.997596868782881;0.999616693729007;0.998719383378826;0.999873995699892;;;0.999299473849485;0.997171994848842;0.99939443538612;0.999204619051569;0.999879817268004
;9.25745879435959e-06;5.0034375331073e-05;3.18535395809513e-06;1.94573861150659e-05;6.00320717184362e-07;;;7.87076031243515e-06;6.3881928277413e-05;6.32569887650309e-06;9.5225947133612e-06;5.59200603344221e-07
