simulationName;Sick_adults_400mg_sd;Sick_adults_400mg_sd;Sick_adults_400mg_sd;Sick_adults_400mg_sd;Sick_adults_400mg_sd;R-square;pValue;Sick_adults_400mg_sd;Sick_adults_400mg_sd;Sick_adults_400mg_sd;Sick_adults_400mg_sd;Sick_adults_400mg_sd
;5^{th}-Individual ID 36;5^{th}-Individual ID 36;5^{th}-Individual ID 36;5^{th}-Individual ID 36;5^{th}-Individual ID 36;;;95^{th}-Individual ID 40;95^{th}-Individual ID 40;95^{th}-Individual ID 40;95^{th}-Individual ID 40;95^{th}-Individual ID 40
;Lipophilicity;Specific intestinal permeability (transcellular);Raltegravir-UGT1A9-Kassahun 2007|In vitro Vmax for liver microsomes;Raltegravir-UGT1A1-Kassahun 2007|In vitro Vmax for liver microsomes;Dissolution shape;;;Lipophilicity;Specific intestinal permeability (transcellular);Raltegravir-UGT1A9-Kassahun 2007|In vitro Vmax for liver microsomes;Raltegravir-UGT1A1-Kassahun 2007|In vitro Vmax for liver microsomes;Dissolution shape
;-0.443343856357642;0.0626364890436942;-0.253353724673086;-0.423326927834722;0.837692803899502;;;-0.227640539156232;0.0836266352770233;-0.362026999310434;-0.391343447355434;0.842273518608841
;-0.465402633948248;0.056657288855399;-0.262476780608766;-0.451173704672723;0.819566613432941;;;-0.236326582483605;0.0758087608461383;-0.378135199213045;-0.411429985878923;0.824127764353134
;-0.421285078767036;0.0686156892319894;-0.244230668737406;-0.395480150996722;0.855818994366064;;;-0.218954495828859;0.0914445097079082;-0.345918799407822;-0.371256908831945;0.860419272864548
;0.999267239198714;0.997308094531734;0.99961606438523;0.998719908919514;0.999861330047733;;;0.999568921263696;0.997417951474188;0.999413920434925;0.999220251794934;0.999862537847958
;8.4203027054018e-06;5.93238952741844e-05;3.19320274476552e-06;1.94454068637345e-05;6.93075394840468e-07;;;3.79909312577856e-06;5.57278399946535e-05;6.02282312272467e-06;9.24319386943061e-06;6.84039975376019e-07
