simulationName;Sick_adults_400mg_sd;Sick_adults_400mg_sd;Sick_adults_400mg_sd;Sick_adults_400mg_sd;Sick_adults_400mg_sd;R-square;pValue;Sick_adults_400mg_sd;Sick_adults_400mg_sd;Sick_adults_400mg_sd;Sick_adults_400mg_sd;Sick_adults_400mg_sd
;5^{th}-Individual ID 90;5^{th}-Individual ID 90;5^{th}-Individual ID 90;5^{th}-Individual ID 90;5^{th}-Individual ID 90;;;95^{th}-Individual ID 8;95^{th}-Individual ID 8;95^{th}-Individual ID 8;95^{th}-Individual ID 8;95^{th}-Individual ID 8
;Lipophilicity;Specific intestinal permeability (transcellular);Raltegravir-UGT1A9-Kassahun 2007|In vitro Vmax for liver microsomes;Raltegravir-UGT1A1-Kassahun 2007|In vitro Vmax for liver microsomes;Dissolution shape;;;Lipophilicity;Specific intestinal permeability (transcellular);Raltegravir-UGT1A9-Kassahun 2007|In vitro Vmax for liver microsomes;Raltegravir-UGT1A1-Kassahun 2007|In vitro Vmax for liver microsomes;Dissolution shape
;-0.350984598961569;0.137864170589782;-0.290684227620667;-0.441968506362629;0.844394747953103;;;-0.131177026958351;0.142477925823743;-0.397483778420383;-0.397686930238188;0.850237973866092
;-0.364025693782651;0.125881206014996;-0.302144039685582;-0.466737917258966;0.826642436219731;;;-0.135800789415677;0.126950031416012;-0.417188277677029;-0.414413735162524;0.831731770893721
;-0.337943504140487;0.149847135164569;-0.279224415555753;-0.417199095466293;0.862147059686475;;;-0.126553264501026;0.158005820231473;-0.377779279163738;-0.380960125313851;0.868744176838463
;0.99959123518228;0.997767178400749;0.999539837474174;0.999070511686864;0.999869093559625;;;0.99963211274241;0.996494065712969;0.999272597064409;0.999476260998852;0.999859688977031
;3.5079419121441e-06;4.48085677432245e-05;4.19001618639839e-06;1.20302848118729e-05;6.35693017011894e-07;;;2.99508340254655e-06;8.81966161364117e-05;8.32810585666792e-06;5.08779364134138e-06;7.05415230537511e-07
