simulationName;Sick_adults_400mg_sd;Sick_adults_400mg_sd;Sick_adults_400mg_sd;Sick_adults_400mg_sd;Sick_adults_400mg_sd;R-square;pValue;Sick_adults_400mg_sd;Sick_adults_400mg_sd;Sick_adults_400mg_sd;Sick_adults_400mg_sd;Sick_adults_400mg_sd
;5^{th}-Individual ID 57;5^{th}-Individual ID 57;5^{th}-Individual ID 57;5^{th}-Individual ID 57;5^{th}-Individual ID 57;;;95^{th}-Individual ID 23;95^{th}-Individual ID 23;95^{th}-Individual ID 23;95^{th}-Individual ID 23;95^{th}-Individual ID 23
;Lipophilicity;Specific intestinal permeability (transcellular);Raltegravir-UGT1A9-Kassahun 2007|In vitro Vmax for liver microsomes;Raltegravir-UGT1A1-Kassahun 2007|In vitro Vmax for liver microsomes;Dissolution shape;;;Lipophilicity;Specific intestinal permeability (transcellular);Raltegravir-UGT1A9-Kassahun 2007|In vitro Vmax for liver microsomes;Raltegravir-UGT1A1-Kassahun 2007|In vitro Vmax for liver microsomes;Dissolution shape
;-0.39840400090865;0.115910747833987;-0.249705896353628;-0.470410988082579;0.855788161419536;;;-0.325282544534151;0.0549061529898685;-0.282048510525155;-0.379714873187739;0.841900597239678
;-0.415025835826894;0.105840780245382;-0.258153327739021;-0.499775145019487;0.838809263039522;;;-0.339911124117306;0.0499097690283849;-0.292782777495241;-0.401544291096988;0.824449348164175
;-0.381782165990406;0.125980715422591;-0.241258464968235;-0.441046831145671;0.872767059799549;;;-0.310653964950996;0.059902536951352;-0.271314243555069;-0.35788545527849;0.85935184631518
;0.99948466959223;0.997769316478614;0.999661121795252;0.99884713548708;0.999883417082328;;;0.999401282727054;0.997553164824825;0.999571145512037;0.999021990155828;0.99987274489484
;4.9657479597663e-06;4.47441935472924e-05;2.6478810902359e-06;1.66190633069933e-05;5.34264642991261e-07;;;6.2186994714556e-06;5.1406144431831e-05;3.76972514887471e-06;1.29846777111004e-05;6.09281884803079e-07
