simulationName;Sick_adults_400mg_sd;Sick_adults_400mg_sd;Sick_adults_400mg_sd;Sick_adults_400mg_sd;Sick_adults_400mg_sd;R-square;pValue;Sick_adults_400mg_sd;Sick_adults_400mg_sd;Sick_adults_400mg_sd;Sick_adults_400mg_sd;Sick_adults_400mg_sd
;5^{th}-Individual ID 44;5^{th}-Individual ID 44;5^{th}-Individual ID 44;5^{th}-Individual ID 44;5^{th}-Individual ID 44;;;95^{th}-Individual ID 16;95^{th}-Individual ID 16;95^{th}-Individual ID 16;95^{th}-Individual ID 16;95^{th}-Individual ID 16
;Lipophilicity;Specific intestinal permeability (transcellular);Raltegravir-UGT1A9-Kassahun 2007|In vitro Vmax for liver microsomes;Raltegravir-UGT1A1-Kassahun 2007|In vitro Vmax for liver microsomes;Dissolution shape;;;Lipophilicity;Specific intestinal permeability (transcellular);Raltegravir-UGT1A9-Kassahun 2007|In vitro Vmax for liver microsomes;Raltegravir-UGT1A1-Kassahun 2007|In vitro Vmax for liver microsomes;Dissolution shape
;-0.546847005603918;-0.0800643660822247;-0.361842719552985;-0.38480202046024;1.00204356337982;;;-0.434458385584736;-1.50199850199234;-0.365939406186189;-0.51901886571999;1.49571721933744
;-0.592131080332896;-0.087751521073712;-0.378885777397988;-0.410474642716217;1.0019166484829;;;-0.457838714662106;-1.63438799866974;-0.380509766243914;-0.553524648706464;1.45377501384161
;-0.501562930874939;-0.0723772110907375;-0.344799661707983;-0.359129398204264;1.00217047827674;;;-0.411078056507366;-1.36960900531495;-0.351369046128463;-0.484513082733515;1.53765942483326
;0.997972890779253;0.997276875046271;0.999343296778138;0.998683282405234;0.999999995248277;;;0.999142899867153;0.997704015941697;0.999530627759219;0.998692479973485;0.999767136466971
;3.87586733193354e-05;6.03594652374528e-05;7.14378156782266e-06;2.02861420589744e-05;1.39016223020049e-13;;;1.06524110058267e-05;4.67241674392877e-05;4.31644419710381e-06;2.00739033421211e-05;1.50824338611489e-06
