simulationName;Sick_adults_400mg_sd;Sick_adults_400mg_sd;Sick_adults_400mg_sd;Sick_adults_400mg_sd;Sick_adults_400mg_sd;R-square;pValue;Sick_adults_400mg_sd;Sick_adults_400mg_sd;Sick_adults_400mg_sd;Sick_adults_400mg_sd;Sick_adults_400mg_sd
;5^{th}-Individual ID 8;5^{th}-Individual ID 8;5^{th}-Individual ID 8;5^{th}-Individual ID 8;5^{th}-Individual ID 8;;;95^{th}-Individual ID 57;95^{th}-Individual ID 57;95^{th}-Individual ID 57;95^{th}-Individual ID 57;95^{th}-Individual ID 57
;Lipophilicity;Specific intestinal permeability (transcellular);Raltegravir-UGT1A9-Kassahun 2007|In vitro Vmax for liver microsomes;Raltegravir-UGT1A1-Kassahun 2007|In vitro Vmax for liver microsomes;Dissolution shape;;;Lipophilicity;Specific intestinal permeability (transcellular);Raltegravir-UGT1A9-Kassahun 2007|In vitro Vmax for liver microsomes;Raltegravir-UGT1A1-Kassahun 2007|In vitro Vmax for liver microsomes;Dissolution shape
;0.141740623895028;-0.116617035994015;0.40596244242502;0.399921409530245;-0.858893440946437;;;0.399367919116809;-0.115974289296175;0.250086697390729;0.471187681228153;-0.85603076322967
;0.137187047427549;-0.129365874497705;0.402158362275224;0.399201638962735;-0.952056476397276;;;0.398942462816459;-0.127432744584028;0.248034564371473;0.464533792649346;-0.948159463504378
;0.146294200362506;-0.103868197490325;0.409766522574817;0.400641180097755;-0.765730405495599;;;0.399793375417158;-0.104515834008323;0.252138830409986;0.477841569806959;-0.763902062954961
;0.999694379189511;0.996472381652885;0.999973991494748;0.999999040516464;0.996527063275155;;;0.99999966382725;0.997116806232867;0.999980055633004;0.99994093412728;0.996580813808285
;2.26779123339359e-06;8.90166993672204e-05;5.62944191737555e-08;3.98882771906084e-10;8.695353861961e-05;;;8.27242174613307e-11;6.5762100204617e-05;3.78026154123467e-08;1.92664410278594e-07;8.49413304378705e-05
