simulationName;Sick_adults_400mg_sd;Sick_adults_400mg_sd;Sick_adults_400mg_sd;Sick_adults_400mg_sd;Sick_adults_400mg_sd;R-square;pValue;Sick_adults_400mg_sd;Sick_adults_400mg_sd;Sick_adults_400mg_sd;Sick_adults_400mg_sd;Sick_adults_400mg_sd
;5^{th}-Individual ID 21;5^{th}-Individual ID 21;5^{th}-Individual ID 21;5^{th}-Individual ID 21;5^{th}-Individual ID 21;;;95^{th}-Individual ID 78;95^{th}-Individual ID 78;95^{th}-Individual ID 78;95^{th}-Individual ID 78;95^{th}-Individual ID 78
;Lipophilicity;Specific intestinal permeability (transcellular);Raltegravir-UGT1A9-Kassahun 2007|In vitro Vmax for liver microsomes;Raltegravir-UGT1A1-Kassahun 2007|In vitro Vmax for liver microsomes;Dissolution shape;;;Lipophilicity;Specific intestinal permeability (transcellular);Raltegravir-UGT1A9-Kassahun 2007|In vitro Vmax for liver microsomes;Raltegravir-UGT1A1-Kassahun 2007|In vitro Vmax for liver microsomes;Dissolution shape
;-0.313421233925737;0.526841725070701;-0.0963688003468045;-0.330039396574203;0.832764822474832;;;-0.204499646890641;0.154157812191394;-0.0675992790105806;-0.188030279834605;0.807766964524294
;-0.322818509474383;0.499771800385253;-0.100046232546971;-0.346073279959959;0.811881633006867;;;-0.208781134119627;0.143795271041076;-0.0684522290113705;-0.193840107259013;0.785397089209188
;-0.304023958377091;0.553911649756149;-0.0926913681466383;-0.314005513188448;0.853648011942796;;;-0.200218159661656;0.164520353341712;-0.0667463290097907;-0.182220452410198;0.830136839839399
;0.999733786211954;0.999218600078472;0.999568850147178;0.99930137930851;0.999813762509944;;;0.999870178422696;0.998663343993665;0.999952843493405;0.999717286097037;0.999772879995483
;1.84361133586343e-06;9.27258337122477e-06;3.80003336951685e-06;7.83866450413154e-06;1.07873257913299e-06;;;6.27806923926558e-07;2.07487809541472e-05;1.37438195642203e-07;2.0176528796993e-06;1.45278564467414e-06
