simulationName;Sick_adults_400mg_sd;Sick_adults_400mg_sd;Sick_adults_400mg_sd;Sick_adults_400mg_sd;Sick_adults_400mg_sd;R-square;pValue;Sick_adults_400mg_sd;Sick_adults_400mg_sd;Sick_adults_400mg_sd;Sick_adults_400mg_sd;Sick_adults_400mg_sd
;5^{th}-Individual ID 6;5^{th}-Individual ID 6;5^{th}-Individual ID 6;5^{th}-Individual ID 6;5^{th}-Individual ID 6;;;95^{th}-Individual ID 4;95^{th}-Individual ID 4;95^{th}-Individual ID 4;95^{th}-Individual ID 4;95^{th}-Individual ID 4
;Lipophilicity;Specific intestinal permeability (transcellular);Raltegravir-UGT1A9-Kassahun 2007|In vitro Vmax for liver microsomes;Raltegravir-UGT1A1-Kassahun 2007|In vitro Vmax for liver microsomes;Dissolution shape;;;Lipophilicity;Specific intestinal permeability (transcellular);Raltegravir-UGT1A9-Kassahun 2007|In vitro Vmax for liver microsomes;Raltegravir-UGT1A1-Kassahun 2007|In vitro Vmax for liver microsomes;Dissolution shape
;-0.326503467385809;0.549197292432888;-0.116983953913101;-0.318394419589509;0.829161551685746;;;-0.210755081101027;0.247988413252322;-0.0605609404319183;-0.187805916465636;0.804504906638616
;-0.33263550235733;0.515513252277149;-0.119129456402208;-0.330838069571187;0.808255038161605;;;-0.217448331047332;0.231108115040494;-0.0633439986715604;-0.196738143469147;0.782933912860098
;-0.320371432414289;0.582881332588627;-0.114838451423993;-0.305950769607831;0.850068065209887;;;-0.204061831154723;0.26486871146415;-0.0577778821922761;-0.178873689462125;0.826075900417135
;0.999895531017989;0.998886969640161;0.999900376620407;0.999547761726494;0.9998117208518;;;0.999701332934591;0.998629431027177;0.999374846211477;0.99933040970252;0.999787093204386
;4.5319334078941e-07;1.57650174952543e-05;4.22030414043608e-07;4.08224219408871e-06;1.09652044465685e-06;;;2.19083052508014e-06;2.15436294935198e-05;6.6351483129486e-06;7.35512155066804e-06;1.31856301801585e-06
