simulationName;Sick_adults_400mg_sd;Sick_adults_400mg_sd;Sick_adults_400mg_sd;Sick_adults_400mg_sd;Sick_adults_400mg_sd;R-square;pValue;Sick_adults_400mg_sd;Sick_adults_400mg_sd;Sick_adults_400mg_sd;Sick_adults_400mg_sd;Sick_adults_400mg_sd
;5^{th}-Individual ID 37;5^{th}-Individual ID 37;5^{th}-Individual ID 37;5^{th}-Individual ID 37;5^{th}-Individual ID 37;;;95^{th}-Individual ID 77;95^{th}-Individual ID 77;95^{th}-Individual ID 77;95^{th}-Individual ID 77;95^{th}-Individual ID 77
;Lipophilicity;Specific intestinal permeability (transcellular);Raltegravir-UGT1A9-Kassahun 2007|In vitro Vmax for liver microsomes;Raltegravir-UGT1A1-Kassahun 2007|In vitro Vmax for liver microsomes;Dissolution shape;;;Lipophilicity;Specific intestinal permeability (transcellular);Raltegravir-UGT1A9-Kassahun 2007|In vitro Vmax for liver microsomes;Raltegravir-UGT1A1-Kassahun 2007|In vitro Vmax for liver microsomes;Dissolution shape
;-0.080839524922325;-0.0733058822250147;-0.0780908235372991;-0.0843303475183556;0.0926904619742787;;;-0.017480612626232;-3.6636800821139;-0.0735792635322686;-0.0339932667814375;2.35169855228121
;-0.097400835052391;-0.0844187580860563;-0.0804895518801896;-0.0908161834037291;0.0904275349360828;;;-0.0186481642730781;-4.96424802866431;-0.0757394554945547;-0.037775873602319;1.21342115734544
;-0.064278214792259;-0.0621930063639732;-0.0756920951944086;-0.0778445116329821;0.0949533890124747;;;-0.0163130609793858;-2.36311213556348;-0.0714190715699825;-0.0302106599605559;3.48997594721697
;0.987720657964378;0.993238734203623;0.999720591348079;0.998250947094137;0.999823480200182;;;0.998680332607448;0.964015609041858;0.999744752183002;0.996345687129319;0.935107634371733
;0.000579640862569932;0.000236436269160907;1.98237150515848e-06;3.1061420895893e-05;9.95410009049829e-07;;;2.03543677893494e-05;0.0029289696041543;1.73087289770856e-06;9.38586367581706e-05;0.00715737328600299
