simulationName;Sick_adults_400mg_sd;Sick_adults_400mg_sd;Sick_adults_400mg_sd;Sick_adults_400mg_sd;Sick_adults_400mg_sd;R-square;pValue;Sick_adults_400mg_sd;Sick_adults_400mg_sd;Sick_adults_400mg_sd;Sick_adults_400mg_sd;Sick_adults_400mg_sd
;5^{th}-Individual ID 11;5^{th}-Individual ID 11;5^{th}-Individual ID 11;5^{th}-Individual ID 11;5^{th}-Individual ID 11;;;95^{th}-Individual ID 6;95^{th}-Individual ID 6;95^{th}-Individual ID 6;95^{th}-Individual ID 6;95^{th}-Individual ID 6
;Lipophilicity;Specific intestinal permeability (transcellular);Raltegravir-UGT1A9-Kassahun 2007|In vitro Vmax for liver microsomes;Raltegravir-UGT1A1-Kassahun 2007|In vitro Vmax for liver microsomes;Dissolution shape;;;Lipophilicity;Specific intestinal permeability (transcellular);Raltegravir-UGT1A9-Kassahun 2007|In vitro Vmax for liver microsomes;Raltegravir-UGT1A1-Kassahun 2007|In vitro Vmax for liver microsomes;Dissolution shape
;-1.97695890257567e-16;-0.424701533388509;-1.97695890257567e-16;-1.97695890257567e-16;-1.97695890257567e-16;;;-1.97695890257567e-16;-0.19291988973679;-1.97695890257567e-16;-1.97695890257567e-16;-1.97695890257567e-16
;-6.21231057243288e-15;-1.17638851706972;-6.21231057243288e-15;-6.21231057243288e-15;-6.21231057243288e-15;;;-6.21231057243288e-15;-0.567829754279057;-6.21231057243288e-15;-6.21231057243288e-15;-6.21231057243288e-15
;5.81691879191775e-15;0.3269854502927;5.81691879191775e-15;5.81691879191775e-15;5.81691879191775e-15;;;5.81691879191775e-15;0.181989974805477;5.81691879191775e-15;5.81691879191775e-15;5.81691879191775e-15
;-Inf;0.518696623840835;-Inf;-Inf;-Inf;;;-Inf;0.471996048412845;-Inf;-Inf;-Inf
;0.181690113816209;0.1700073148714;0.181690113816209;0.181690113816209;0.181690113816209;;;0.181690113816209;0.200026959872683;0.181690113816209;0.181690113816209;0.181690113816209
