simulationName;Sick_adults_400mg_sd;Sick_adults_400mg_sd;Sick_adults_400mg_sd;Sick_adults_400mg_sd;Sick_adults_400mg_sd;R-square;pValue;Sick_adults_400mg_sd;Sick_adults_400mg_sd;Sick_adults_400mg_sd;Sick_adults_400mg_sd;Sick_adults_400mg_sd
;5^{th}-Individual ID 62;5^{th}-Individual ID 62;5^{th}-Individual ID 62;5^{th}-Individual ID 62;5^{th}-Individual ID 62;;;95^{th}-Individual ID 92;95^{th}-Individual ID 92;95^{th}-Individual ID 92;95^{th}-Individual ID 92;95^{th}-Individual ID 92
;Lipophilicity;Specific intestinal permeability (transcellular);Raltegravir-UGT1A9-Kassahun 2007|In vitro Vmax for liver microsomes;Raltegravir-UGT1A1-Kassahun 2007|In vitro Vmax for liver microsomes;Dissolution shape;;;Lipophilicity;Specific intestinal permeability (transcellular);Raltegravir-UGT1A9-Kassahun 2007|In vitro Vmax for liver microsomes;Raltegravir-UGT1A1-Kassahun 2007|In vitro Vmax for liver microsomes;Dissolution shape
;-0.0169889346400514;1.10008061107051;-0.00824995389831804;-0.0142638684891085;-0.576420514438345;;;0.625716956487897;-0.239810844786106;0.118042261960177;0.211989856442068;0.0638174598327283
;-0.0177420619644243;0.419428149901004;-0.00879771420400621;-0.0156482308048191;-0.706820802618308;;;0.574403366675061;-0.264298173010757;0.112084008278657;0.199416382991802;0.0618055337203058
;-0.0162358073156786;1.78073307224001;-0.00770219359262986;-0.012879506173398;-0.446020226258381;;;0.677030546300733;-0.215323516561455;0.124000515641696;0.224563329892335;0.0658293859451509
;0.999418230605485;0.898152370932331;0.998695901415298;0.997217636158879;0.985067134293623;;;0.998011874747163;0.996921033165743;0.999245890538345;0.998959056518094;0.999705682373317
;5.95649777907637e-06;0.0142409202275922;1.99951420434706e-05;6.23408391992094e-05;0.000777965758783446;;;3.76455550531855e-05;7.2576832617475e-05;8.79100908587269e-06;1.42582185192394e-05;2.14314533674221e-06
