simulationName;Sick_adults_400mg_sd;Sick_adults_400mg_sd;Sick_adults_400mg_sd;Sick_adults_400mg_sd;Sick_adults_400mg_sd;R-square;pValue;Sick_adults_400mg_sd;Sick_adults_400mg_sd;Sick_adults_400mg_sd;Sick_adults_400mg_sd;Sick_adults_400mg_sd
;5^{th}-Individual ID 49;5^{th}-Individual ID 49;5^{th}-Individual ID 49;5^{th}-Individual ID 49;5^{th}-Individual ID 49;;;95^{th}-Individual ID 50;95^{th}-Individual ID 50;95^{th}-Individual ID 50;95^{th}-Individual ID 50;95^{th}-Individual ID 50
;Lipophilicity;Specific intestinal permeability (transcellular);Raltegravir-UGT1A9-Kassahun 2007|In vitro Vmax for liver microsomes;Raltegravir-UGT1A1-Kassahun 2007|In vitro Vmax for liver microsomes;Dissolution shape;;;Lipophilicity;Specific intestinal permeability (transcellular);Raltegravir-UGT1A9-Kassahun 2007|In vitro Vmax for liver microsomes;Raltegravir-UGT1A1-Kassahun 2007|In vitro Vmax for liver microsomes;Dissolution shape
;0.156330982012739;-0.136297392482151;0.186189385418568;0.242726326903057;-0.75025931198824;;;0.327977207300538;-1.00544087406157;0.1787983691302;0.481290644840608;-0.674305489583509
;0.149703608145204;-0.153157940091229;0.185085999832386;0.238992514053276;-0.833532260741791;;;0.326538356975181;-1.1221054585007;0.177419481482857;0.476947864141202;-0.743356022843046
;0.162958355880273;-0.119436844873073;0.187292771004749;0.246460139752839;-0.66698636323469;;;0.329416057625895;-0.888776289622442;0.180177256777543;0.485633425540013;-0.605254956323973
;0.999467939788678;0.995487645448077;0.999989597461231;0.99992991259678;0.996364180710232;;;0.9999942991381;0.996027759536239;0.999982383400148;0.999975883761562;0.996903487174406
;5.20953995573048e-06;0.000128819800295928;1.42396473442415e-08;2.49033601787929e-07;9.31465274145359e-05;;;5.77697366213434e-09;0.000106380123924623;3.13815430161993e-08;5.02639204827448e-08;7.31984881024553e-05
