simulationName;Sick_adults_400mg_sd;Sick_adults_400mg_sd;Sick_adults_400mg_sd;Sick_adults_400mg_sd;Sick_adults_400mg_sd;R-square;pValue;Sick_adults_400mg_sd;Sick_adults_400mg_sd;Sick_adults_400mg_sd;Sick_adults_400mg_sd;Sick_adults_400mg_sd
;5^{th}-Individual ID 29;5^{th}-Individual ID 29;5^{th}-Individual ID 29;5^{th}-Individual ID 29;5^{th}-Individual ID 29;;;95^{th}-Individual ID 92;95^{th}-Individual ID 92;95^{th}-Individual ID 92;95^{th}-Individual ID 92;95^{th}-Individual ID 92
;Lipophilicity;Specific intestinal permeability (transcellular);Raltegravir-UGT1A9-Kassahun 2007|In vitro Vmax for liver microsomes;Raltegravir-UGT1A1-Kassahun 2007|In vitro Vmax for liver microsomes;Dissolution shape;;;Lipophilicity;Specific intestinal permeability (transcellular);Raltegravir-UGT1A9-Kassahun 2007|In vitro Vmax for liver microsomes;Raltegravir-UGT1A1-Kassahun 2007|In vitro Vmax for liver microsomes;Dissolution shape
;0.328176807763744;-1.72028838801374;0.186308132428263;0.346861613448824;-0.3454236337432;;;0.970087323632437;-0.396770307947855;0.390302878051067;0.718642275116512;-0.823655968184856
;0.326161244482324;-3.28450695122061;0.185560418924376;0.341182935951194;-0.694515180717944;;;0.902132046729862;-0.399863453724392;0.38581707338906;0.712735249866146;-0.917216056932366
;0.330192371045163;-0.156069824806878;0.187055845932149;0.352540290946453;0.00366791323154381;;;1.03804260053501;-0.393677162171317;0.394788682713073;0.724549300366877;-0.730095879437347
;0.999988826960452;0.803276405573376;0.999995229061301;0.999920613521663;0.767734498044461;;;0.998548580354153;0.99998199829194;0.999960874554014;0.999979987445625;0.996192569943153
;1.58506590239949e-08;0.0394817568544353;4.42277901274655e-09;3.00205754187995e-07;0.0513047019092468;;;2.34783497975024e-05;3.24161759376233e-08;1.03868273578604e-07;3.79966456504339e-08;9.98236760180949e-05
