Percentile of C_{max} of Raltegravir.;;;;;;;;;
;;;;;;;;;
C_{max} [µg/l];;;;;;;;;
;5^{th} prctl.;25^{th} prctl.;50^{th} prctl.;75^{th} prctl.;95^{th} prctl.;arith. mean;std;geo. mean;geo. CV
Sick adults 400mg sd;2170.07120452808;2890.76293485378;3518.51602688926;4223.80634971848;5208.24121876903;3588.8161847042;933.05884125497;3464.34808383479;0.278126412957935
Healthy adults 400mg sd;2491.36612973888;3024.72185014166;3833.93132762971;4453.88676786623;5322.22932880417;3812.11062478122;909.049372877793;3703.44785198231;0.248423284845444
