Percentile of CL of Raltegravir.;;;;;;;;;
;;;;;;;;;
CL [ml/min/kg];;;;;;;;;
;5^{th} prctl.;25^{th} prctl.;50^{th} prctl.;75^{th} prctl.;95^{th} prctl.;arith. mean;std;geo. mean;geo. CV
Sick adults 400mg sd;5.7961945050055;7.82274630790084;10.0155510531034;11.6205799100466;14.2082467649614;9.90964828749527;2.72445590354543;9.52756889714717;0.293583241515622
Healthy adults 400mg sd;6.40432620004156;7.88289314695694;9.7667721326886;11.3273487376604;15.6230703091759;10.0513915043012;2.7820636098416;9.69874902936732;0.27123256057725
