Percentile of AUC_{last} of Raltegravir.;;;;;;;;;
;;;;;;;;;
AUC_{last} [µg*h/l];;;;;;;;;
;5^{th} prctl.;25^{th} prctl.;50^{th} prctl.;75^{th} prctl.;95^{th} prctl.;arith. mean;std;geo. mean;geo. CV
Sick adults 400mg sd;6605.82200673602;8021.28108181827;9559.77921326587;12089.1178743919;15359.8383658952;10032.6839917384;2669.59755682129;9693.97464481771;0.268421412354187
Healthy adults 400mg sd;6603.73952490007;8223.12698500916;9760.53944589435;11853.2754965166;15887.9998764739;10257.5298556774;2720.03763052104;9917.85313232693;0.264283518338967
