Output;Raltegravir;Raltegravir;Raltegravir;Raltegravir;Raltegravir;R-square;pValue;Raltegravir;Raltegravir;Raltegravir;Raltegravir;Raltegravir
;C_max;C_max;C_max;C_max;C_max;;;Vd;Vd;Vd;Vd;Vd
;Lipophilicity;Specific intestinal permeability (transcellular);Raltegravir-UGT1A9-Kassahun 2007|In vitro Vmax for liver microsomes;Raltegravir-UGT1A1-Kassahun 2007|In vitro Vmax for liver microsomes;Dissolution shape;;;Lipophilicity;Specific intestinal permeability (transcellular);Raltegravir-UGT1A9-Kassahun 2007|In vitro Vmax for liver microsomes;Raltegravir-UGT1A1-Kassahun 2007|In vitro Vmax for liver microsomes;Dissolution shape
;-0.345694090684032;0.186389434800569;-0.169796994518065;-0.349776385359444;0.933760408928262;;;0.653097719498764;0.0680081761344963;0.382307467406055;0.64348121587772;-1.17265808626248
;-0.357738317792232;0.165111316196372;-0.173741045145962;-0.365963596035734;0.914661972257103;;;0.569396112535377;0.0096459950539184;0.379831051418027;0.637205400697946;-1.28291201896717
;-0.333649863575832;0.207667553404765;-0.165852943890169;-0.333589174683155;0.952858845599422;;;0.736799326462152;0.126370357215074;0.384783883394083;0.649757031057494;-1.0624041535578
;0.999640567852178;0.996154527888464;0.999840208141714;0.999366003699164;0.999876100373161;;;0.995158248571337;0.820922163955146;0.999987571597095;0.999971825553569;0.997388387335467
;2.8924181449601e-06;0.000101324653665772;8.57317433699621e-07;6.77643960965622e-06;5.85342428310063e-07;;;0.000143193928173241;0.03407838242199;1.85957401516092e-08;6.34710411723884e-08;5.6688193683178e-05
