Output;Raltegravir;Raltegravir;Raltegravir;Raltegravir;Raltegravir;R-square;pValue;Raltegravir;Raltegravir;Raltegravir;Raltegravir;Raltegravir
;C_max;C_max;C_max;C_max;C_max;;;Vd;Vd;Vd;Vd;Vd
;Lipophilicity;Specific intestinal permeability (transcellular);Raltegravir-UGT1A9-Kassahun 2007|In vitro Vmax for liver microsomes;Raltegravir-UGT1A1-Kassahun 2007|In vitro Vmax for liver microsomes;Dissolution shape;;;Lipophilicity;Specific intestinal permeability (transcellular);Raltegravir-UGT1A9-Kassahun 2007|In vitro Vmax for liver microsomes;Raltegravir-UGT1A1-Kassahun 2007|In vitro Vmax for liver microsomes;Dissolution shape
;-0.252755017671853;0.209399180568327;-0.0872476446785361;-0.21004983097315;0.982146534638278;;;0.599485876110816;-0.0441376886043723;0.313809468397249;0.496439149267299;-1.09738093153914
;-0.254512932240786;0.188639564135917;-0.0885852660786534;-0.217002919484406;0.968573915724451;;;0.553106200001115;-0.0584691548682826;0.310861809058997;0.486895114944059;-1.20869798961518
;-0.25099710310292;0.230158797000738;-0.0859100232784188;-0.203096742461895;0.995719153552104;;;0.645865552220518;-0.029806222340462;0.3167571277355;0.505983183590539;-0.986063873463089
;0.99998567189283;0.997097145607377;0.999930380990205;0.99967553415208;0.999943434809817;;;0.998230187346575;0.969716507992188;0.999973865738667;0.999890532933253;0.996961312691486
;2.30183379808755e-08;6.64362903383723e-05;2.46541309048779e-07;2.48075931224868e-06;1.8055940350034e-07;;;3.16162641313038e-05;0.00225730511457449;5.67032058298338e-08;4.8610305253939e-07;7.11564466006651e-05
