Output;Raltegravir;Raltegravir;Raltegravir;Raltegravir;Raltegravir;R-square;pValue;Raltegravir;Raltegravir;Raltegravir;Raltegravir;Raltegravir
;C_max;C_max;C_max;C_max;C_max;;;Thalf_tLast_tEnd;Thalf_tLast_tEnd;Thalf_tLast_tEnd;Thalf_tLast_tEnd;Thalf_tLast_tEnd
;Lipophilicity;Specific intestinal permeability (transcellular);Raltegravir-UGT1A9-Kassahun 2007|In vitro Vmax for liver microsomes;Raltegravir-UGT1A1-Kassahun 2007|In vitro Vmax for liver microsomes;Dissolution shape;;;Lipophilicity;Specific intestinal permeability (transcellular);Raltegravir-UGT1A9-Kassahun 2007|In vitro Vmax for liver microsomes;Raltegravir-UGT1A1-Kassahun 2007|In vitro Vmax for liver microsomes;Dissolution shape
;-0.264625399697465;0.213648388418608;-0.0984387795659466;-0.236865375955208;0.814195451986474;;;-0.189958877511619;0.03340561227194;0.115008579941506;0.179372806744561;0.0650901901034465
;-0.278079452840226;0.176617240171867;-0.112814014111759;-0.244441411684479;0.785656474840495;;;-0.19351603030826;0.0313030969991054;0.113529666314689;0.174481083942955;0.0632110842839988
;-0.251171346554704;0.250679536665349;-0.0840635450201341;-0.229289340225938;0.842734429132454;;;-0.186401724714978;0.0355081275447745;0.116487493568323;0.184264529546167;0.0669692959228943
;0.99923491460972;0.991179634739807;0.993722860173929;0.999697065757656;0.999636201818592;;;0.999896142030018;0.99882799561213;0.999951021785098;0.999779751027143;0.999753189700813
;8.98366271895724e-06;0.000352510322588886;0.000211471279754651;2.23795261892731e-06;2.94528316381702e-06;;;4.49223161863848e-07;1.70347391610972e-05;1.45478787916047e-07;1.38735754324731e-06;1.64575787244837e-06
