Output;Raltegravir;Raltegravir;Raltegravir;Raltegravir;Raltegravir;R-square;pValue;Raltegravir;Raltegravir;Raltegravir;Raltegravir;Raltegravir
;C_max;C_max;C_max;C_max;C_max;;;Thalf_tLast_tEnd;Thalf_tLast_tEnd;Thalf_tLast_tEnd;Thalf_tLast_tEnd;Thalf_tLast_tEnd
;Lipophilicity;Specific intestinal permeability (transcellular);Raltegravir-UGT1A9-Kassahun 2007|In vitro Vmax for liver microsomes;Raltegravir-UGT1A1-Kassahun 2007|In vitro Vmax for liver microsomes;Dissolution shape;;;Lipophilicity;Specific intestinal permeability (transcellular);Raltegravir-UGT1A9-Kassahun 2007|In vitro Vmax for liver microsomes;Raltegravir-UGT1A1-Kassahun 2007|In vitro Vmax for liver microsomes;Dissolution shape
;-0.269663323728412;0.237316678575717;-0.0987167674200036;-0.252954573451665;0.801172217775172;;;-0.188579390651427;0.00552578242542079;0.116777438796797;0.186517698213743;0.0779770141159697
;-0.274044048808605;0.20558147337728;-0.108376276696491;-0.264149594670827;0.768741370891465;;;-0.192171974336891;0.00416211960530888;0.114977072244245;0.181453160965581;0.0756387368769212
;-0.265282598648219;0.269051883774154;-0.0890572581435159;-0.241759552232503;0.833603064658878;;;-0.184986806965963;0.0068894452455327;0.118577805349349;0.191582235461905;0.0803152913550182
;0.999921834813405;0.994730968167787;0.997171882911607;0.999420154943791;0.999514875548471;;;0.999892507607417;0.982280115956819;0.999929600027485;0.999781654777846;0.9997337177447
;2.9330475361334e-07;0.000162582197825764;6.3885723297407e-05;5.92696504458018e-06;4.53556952880208e-06;;;4.73009065017487e-07;0.00100647921347134;2.50701406715857e-07;1.36940797834551e-06;1.84432265427188e-06
