Output;Raltegravir;Raltegravir;Raltegravir;Raltegravir;Raltegravir;R-square;pValue;Raltegravir;Raltegravir;Raltegravir;Raltegravir;Raltegravir
;C_max;C_max;C_max;C_max;C_max;;;Thalf_tLast_tEnd;Thalf_tLast_tEnd;Thalf_tLast_tEnd;Thalf_tLast_tEnd;Thalf_tLast_tEnd
;Lipophilicity;Specific intestinal permeability (transcellular);Raltegravir-UGT1A9-Kassahun 2007|In vitro Vmax for liver microsomes;Raltegravir-UGT1A1-Kassahun 2007|In vitro Vmax for liver microsomes;Dissolution shape;;;Lipophilicity;Specific intestinal permeability (transcellular);Raltegravir-UGT1A9-Kassahun 2007|In vitro Vmax for liver microsomes;Raltegravir-UGT1A1-Kassahun 2007|In vitro Vmax for liver microsomes;Dissolution shape
;-0.264788835048396;0.244113030212419;-0.0937208017390645;-0.263230321339229;0.79739086621874;;;-0.187372472228443;0.00405738625805469;0.11396078207665;0.188962562632393;0.0799636022933199
;-0.275266346818951;0.213066516296992;-0.101511744715038;-0.275860186668415;0.780752533754957;;;-0.190935914410061;0.00168476707959391;0.108246331123008;0.184261551039974;0.0768562266918407
;-0.25431132327784;0.275159544127847;-0.0859298587630912;-0.250600456010042;0.814029198682524;;;-0.183809030046825;0.00643000543651547;0.119675233030292;0.193663574224812;0.0830709778947991
;0.999536430675851;0.995231662028978;0.997957231860684;0.99931855838921;0.999871050351734;;;0.999892877569233;0.908026834644813;0.999255758434099;0.999816705017065;0.999552896912487
;4.23663750784817e-06;0.00013994642645613;3.92088257679157e-05;7.55128123468083e-06;6.21492523054903e-07;;;4.70569147560197e-07;0.0121818170001436;8.6189972141085e-06;1.05326732995111e-06;4.01290270073009e-06
