Output;Raltegravir;Raltegravir;Raltegravir;Raltegravir;Raltegravir;R-square;pValue;Raltegravir;Raltegravir;Raltegravir;Raltegravir;Raltegravir
;C_max;C_max;C_max;C_max;C_max;;;Vd;Vd;Vd;Vd;Vd
;Lipophilicity;Specific intestinal permeability (transcellular);Raltegravir-UGT1A9-Kassahun 2007|In vitro Vmax for liver microsomes;Raltegravir-UGT1A1-Kassahun 2007|In vitro Vmax for liver microsomes;Dissolution shape;;;Lipophilicity;Specific intestinal permeability (transcellular);Raltegravir-UGT1A9-Kassahun 2007|In vitro Vmax for liver microsomes;Raltegravir-UGT1A1-Kassahun 2007|In vitro Vmax for liver microsomes;Dissolution shape
;-0.252226936752324;0.225302886620501;-0.0867918881461575;-0.227049445580511;0.809159346616332;;;0.570235726555468;-0.125450483971937;0.301080329536968;0.493985931871345;-0.818225265074287
;-0.253931181146608;0.194176045569361;-0.088123634180851;-0.23453172772047;0.787138399332616;;;0.535284090910836;-0.127805875882083;0.298077946937624;0.484952578479392;-0.907131234268134
;-0.250522692358041;0.256429727671641;-0.085460142111464;-0.219567163440551;0.831180293900048;;;0.6051873622001;-0.123095092061791;0.304082712136312;0.503019285263299;-0.72931929588044
;0.999986476969448;0.994378047179857;0.99993026459141;0.999678421746555;0.999780665119203;;;0.998888416161801;0.999895591606246;0.999970545368338;0.999900956744251;0.996515030280833
;2.11057927700937e-08;0.00017920648732848;2.47159879401208e-07;2.44771458256814e-06;1.3787292761243e-06;;;1.57342877419511e-05;4.52799135940405e-07;6.78458199930196e-08;4.18349380914118e-07;8.74061597634843e-05
