Output;Raltegravir;Raltegravir;Raltegravir;Raltegravir;Raltegravir;R-square;pValue;Raltegravir;Raltegravir;Raltegravir;Raltegravir;Raltegravir
;C_max;C_max;C_max;C_max;C_max;;;Vd;Vd;Vd;Vd;Vd
;Lipophilicity;Specific intestinal permeability (transcellular);Raltegravir-UGT1A9-Kassahun 2007|In vitro Vmax for liver microsomes;Raltegravir-UGT1A1-Kassahun 2007|In vitro Vmax for liver microsomes;Dissolution shape;;;Lipophilicity;Specific intestinal permeability (transcellular);Raltegravir-UGT1A9-Kassahun 2007|In vitro Vmax for liver microsomes;Raltegravir-UGT1A1-Kassahun 2007|In vitro Vmax for liver microsomes;Dissolution shape
;-0.236468922004381;0.225632083956777;-0.0802422975868555;-0.190781167031391;0.954688513717523;;;0.603649113504564;-0.000129798881749815;0.314711125538594;0.489535499741445;-1.14368880574325
;-0.237776089616086;0.20795951425813;-0.0814483367754666;-0.196951385982737;0.937391754952863;;;0.556605556983056;-0.0285484413319602;0.311829517880833;0.479745403984002;-1.25270142837914
;-0.235161754392676;0.243304653655425;-0.0790362583982444;-0.184610948080044;0.971985272482184;;;0.650692670026072;0.0282888435684606;0.317592733196355;0.499325595498889;-1.03467618310736
;0.999990948729;0.998186121015748;0.999933090751123;0.999690261853638;0.999902778364637;;;0.998204234379541;7.04215494230498e-05;0.999975166735934;0.99988154507156;0.99731607892055
;1.15572470071926e-08;3.28048321750058e-05;2.32288020695679e-07;2.31377575755337e-06;4.0686086147608e-07;;;3.23145023965387e-05;0.989315411285432;5.25221879419001e-08;5.4718476870852e-07;5.90600107958971e-05
