Output;Raltegravir;Raltegravir;Raltegravir;Raltegravir;upper CI 95;R-square;pValue;Raltegravir;Raltegravir;Raltegravir;Raltegravir
;C_max;C_max;C_max;C_max;;;;Vd;Vd;Vd;Vd
;Lipophilicity;Specific intestinal permeability (transcellular);Raltegravir-UGT1A9-Kassahun 2007|In vitro Vmax for liver microsomes;Raltegravir-UGT1A1-Kassahun 2007|In vitro Vmax for liver microsomes;;;;Lipophilicity;Specific intestinal permeability (transcellular);Raltegravir-UGT1A9-Kassahun 2007|In vitro Vmax for liver microsomes;Raltegravir-UGT1A1-Kassahun 2007|In vitro Vmax for liver microsomes
;-0.253381807188007;0.222585446677361;-0.0876761995724694;-0.220289579969576;;;;0.450449143906235;-0.0199837491186469;0.259494743378565;0.428760925500883
;-0.256243700533885;0.205393353234596;-0.0890300275817574;-0.227586396220941;;;;0.443490968295252;-0.0214802819244174;0.257157523836653;0.421208901544253
;-0.25051991384213;0.239777540120127;-0.0863223715631813;-0.212992763718211;;;;0.457407319517217;-0.0184872163128764;0.261831962920477;0.436312949457513
;0.999962213322662;0.998236009214956;0.999929379307733;0.99967510960351;;;;0.999929324705178;0.99834157137184;0.999975971285487;0.999908112698945
;9.85829579535967e-08;3.14603330571251e-05;2.51881354991567e-07;2.48563015966643e-06;;;;2.52173540276834e-07;2.86780921054981e-05;4.99905368807944e-08;3.73838546432709e-07
