Output;Raltegravir;Raltegravir;Raltegravir;Raltegravir;upper CI 95;R-square;pValue;Raltegravir;Raltegravir;Raltegravir;Raltegravir
;C_max;C_max;C_max;C_max;;;;Vd;Vd;Vd;Vd
;Lipophilicity;Specific intestinal permeability (transcellular);Raltegravir-UGT1A9-Kassahun 2007|In vitro Vmax for liver microsomes;Raltegravir-UGT1A1-Kassahun 2007|In vitro Vmax for liver microsomes;;;;Lipophilicity;Specific intestinal permeability (transcellular);Raltegravir-UGT1A9-Kassahun 2007|In vitro Vmax for liver microsomes;Raltegravir-UGT1A1-Kassahun 2007|In vitro Vmax for liver microsomes
;-0.254884764811257;0.265695247435484;-0.0876599895211426;-0.258639462256124;;;;0.588880842624774;-0.00760178261440233;0.28700884826152;0.496643300258366
;-0.256577554516354;0.241419057377389;-0.0890278686764901;-0.267570486997742;;;;0.586073162086167;-0.00800436507587399;0.284113915341845;0.488635403498192
;-0.25319197510616;0.28997143749358;-0.086292110365795;-0.249708437514505;;;;0.591688523163381;-0.00719920015293067;0.289903781181195;0.50465119701854
;0.999986934931995;0.997533279381965;0.9999278792231;0.999646931697213;;;;0.999993266564696;0.999169925164639;0.999969864914005;0.999922995977939
;2.00427854752237e-08;5.20343939764501e-05;2.59949421484233e-07;2.81593720400359e-06;;;;7.41557409691184e-09;1.01524981621696e-05;7.02103992931077e-08;2.86793306835213e-07
