Output;Raltegravir;Raltegravir;Raltegravir;Raltegravir;upper CI 95;R-square;pValue;Raltegravir;Raltegravir;Raltegravir;Raltegravir
;C_max;C_max;C_max;C_max;;;;Vd;Vd;Vd;Vd
;Lipophilicity;Specific intestinal permeability (transcellular);Raltegravir-UGT1A9-Kassahun 2007|In vitro Vmax for liver microsomes;Raltegravir-UGT1A1-Kassahun 2007|In vitro Vmax for liver microsomes;;;;Lipophilicity;Specific intestinal permeability (transcellular);Raltegravir-UGT1A9-Kassahun 2007|In vitro Vmax for liver microsomes;Raltegravir-UGT1A1-Kassahun 2007|In vitro Vmax for liver microsomes
;-0.254881733810509;0.270644728128611;-0.0876620787179707;-0.262259178002219;;;;0.0492727077982619;-0.152477854665899;0.348012933935899;0.612821938010986
;-0.256605799923998;0.245336596256033;-0.0890161708841694;-0.2713947863568;;;;0.0242656993347071;-0.182739357761566;0.347638684223035;0.612234903239183
;-0.253157667697019;0.295952860001189;-0.086307986551772;-0.253123569647638;;;;0.0742797162618167;-0.122216351570231;0.348387183648762;0.613408972782789
;0.999986447369265;0.997416570006268;0.999929328987519;0.999640700535633;;;;0.929111233630636;0.988467356632682;0.999999657444363;0.999999728194643
;2.11751276818712e-08;5.57725930580181e-05;2.52150620840238e-07;2.89081658456678e-06;;;;0.00818755166908999;0.000527462335896116;8.50913836462124e-11;6.01417301269283e-11
