Output;Raltegravir;Raltegravir;Raltegravir;Raltegravir;upper CI 95;R-square;pValue;Raltegravir;Raltegravir;Raltegravir;Raltegravir
;C_max;C_max;C_max;C_max;;;;Vd;Vd;Vd;Vd
;Lipophilicity;Specific intestinal permeability (transcellular);Raltegravir-UGT1A9-Kassahun 2007|In vitro Vmax for liver microsomes;Raltegravir-UGT1A1-Kassahun 2007|In vitro Vmax for liver microsomes;;;;Lipophilicity;Specific intestinal permeability (transcellular);Raltegravir-UGT1A9-Kassahun 2007|In vitro Vmax for liver microsomes;Raltegravir-UGT1A1-Kassahun 2007|In vitro Vmax for liver microsomes
;-0.250767557792823;0.185660427457258;-0.087178754005587;-0.181580496578311;;;;0.494726095962861;-0.0409622846979866;0.251076665906778;0.387374647754616
;-0.252534288756044;0.17001455172738;-0.0884215827370112;-0.187814988480056;;;;0.486615632188468;-0.0444779147759606;0.248924085691815;0.379144566832198
;-0.249000826829603;0.201306303187136;-0.0859359252741628;-0.175346004676566;;;;0.502836559737254;-0.0374466546200126;0.25322924612174;0.395604728677035
;0.999985297511794;0.997900830392802;0.999939803090538;0.999650931072919;;;;0.999920397583511;0.997822839107692;0.999978228136041;0.99986631371834
;2.39263823733852e-08;4.08445276203696e-05;1.98224805082042e-07;2.7682234057128e-06;;;;3.014314850753e-07;4.31428218847111e-05;4.31156679410718e-08;6.56049409022501e-07
