Output;Raltegravir;Raltegravir;Raltegravir;Raltegravir;upper CI 95;R-square;pValue;Raltegravir;Raltegravir;Raltegravir;Raltegravir
;C_max;C_max;C_max;C_max;;;;Vd;Vd;Vd;Vd
;Lipophilicity;Specific intestinal permeability (transcellular);Raltegravir-UGT1A9-Kassahun 2007|In vitro Vmax for liver microsomes;Raltegravir-UGT1A1-Kassahun 2007|In vitro Vmax for liver microsomes;;;;Lipophilicity;Specific intestinal permeability (transcellular);Raltegravir-UGT1A9-Kassahun 2007|In vitro Vmax for liver microsomes;Raltegravir-UGT1A1-Kassahun 2007|In vitro Vmax for liver microsomes
;-0.254651611249871;0.242179282539336;-0.0877448057514147;-0.23937585022217;;;;0.44937730895682;-0.0356866686786208;0.25925867113928;0.442827124278366
;-0.256373633390148;0.221885299955339;-0.0890868141405471;-0.247385620973487;;;;0.442666507864618;-0.0364420500140073;0.25692154029427;0.435717463408535
;-0.252929589109595;0.262473265123332;-0.0864027973622823;-0.231366079470854;;;;0.456088110049023;-0.0349312873432342;0.261595801984291;0.449936785148197
;0.999986455037488;0.997924334875627;0.999930715414742;0.999668461032747;;;;0.999933946345283;0.999867302746797;0.999975929334148;0.999923652421385
;2.1157158508216e-08;4.01601612688535e-05;2.44766976663582e-07;2.56232335773675e-06;;;;2.27846702698858e-07;6.48782390344846e-07;5.01215111234619e-08;2.83133797010739e-07
