Output;Raltegravir;Raltegravir;Raltegravir;Raltegravir;upper CI 95;R-square;pValue;Raltegravir;Raltegravir;Raltegravir;Raltegravir
;C_max;C_max;C_max;C_max;;;;Vd;Vd;Vd;Vd
;Lipophilicity;Specific intestinal permeability (transcellular);Raltegravir-UGT1A9-Kassahun 2007|In vitro Vmax for liver microsomes;Raltegravir-UGT1A1-Kassahun 2007|In vitro Vmax for liver microsomes;;;;Lipophilicity;Specific intestinal permeability (transcellular);Raltegravir-UGT1A9-Kassahun 2007|In vitro Vmax for liver microsomes;Raltegravir-UGT1A1-Kassahun 2007|In vitro Vmax for liver microsomes
;-0.254899838933376;0.273703324319284;-0.0876440931124468;-0.264511336713042;;;;0.0496478143587437;-0.155197236394198;0.347998232729951;0.615134456806078
;-0.256616449284846;0.247706093466566;-0.0889968614643969;-0.273789948403648;;;;0.0246872712074742;-0.185731327814623;0.347626770507506;0.61462374961636
;-0.253183228581906;0.299700555172002;-0.0862913247604967;-0.255232725022437;;;;0.0746083575100132;-0.124663144973772;0.348369694952396;0.615645163995795
;0.999986566240076;0.997334773741019;0.999929438142503;0.999635650447532;;;;0.9303452073121;0.988664257945971;0.999999662499697;0.999999795824875
;2.0897146542969e-08;5.84436854349767e-05;2.51566648995566e-07;2.95198197759738e-06;;;;0.00797157972938313;0.000513981172048105;8.32147204189605e-11;3.91555326530594e-11
