Output;Raltegravir;Raltegravir;Raltegravir;Raltegravir;upper CI 95;R-square;pValue;Raltegravir;Raltegravir;Raltegravir;Raltegravir
;C_max;C_max;C_max;C_max;;;;Vd;Vd;Vd;Vd
;Lipophilicity;Specific intestinal permeability (transcellular);Raltegravir-UGT1A9-Kassahun 2007|In vitro Vmax for liver microsomes;Raltegravir-UGT1A1-Kassahun 2007|In vitro Vmax for liver microsomes;;;;Lipophilicity;Specific intestinal permeability (transcellular);Raltegravir-UGT1A9-Kassahun 2007|In vitro Vmax for liver microsomes;Raltegravir-UGT1A1-Kassahun 2007|In vitro Vmax for liver microsomes
;-0.254842263428749;0.256719300484945;-0.0877310495624757;-0.251650783084314;;;;0.577382974193787;0.00447732113595429;0.284213987263042;0.486941514070966
;-0.256575133667537;0.234198135901735;-0.0890834628219124;-0.260195047153788;;;;0.573865432391768;0.00288530025932661;0.281353117413825;0.47891207859241
;-0.253109393189961;0.279240465068155;-0.0863786363030389;-0.24310651901484;;;;0.580900515995806;0.00606934201258197;0.287074857112258;0.494970949549523
;0.999986304360512;0.997725558192468;0.999929614904205;0.999658647125752;;;;0.999989006274265;0.963901210660825;0.999969988247425;0.999919465766489
;2.15111744140522e-08;4.6067824326959e-05;2.50621943542355e-07;2.6769403263956e-06;;;;1.54706173214573e-08;0.0029430518779215;6.97798144313531e-08;3.06739815018934e-07
