Output;Raltegravir;Raltegravir;Raltegravir;Raltegravir;upper CI 95;R-square;pValue;Raltegravir;Raltegravir;Raltegravir;Raltegravir
;C_max;C_max;C_max;C_max;;;;Vd;Vd;Vd;Vd
;Lipophilicity;Specific intestinal permeability (transcellular);Raltegravir-UGT1A9-Kassahun 2007|In vitro Vmax for liver microsomes;Raltegravir-UGT1A1-Kassahun 2007|In vitro Vmax for liver microsomes;;;;Lipophilicity;Specific intestinal permeability (transcellular);Raltegravir-UGT1A9-Kassahun 2007|In vitro Vmax for liver microsomes;Raltegravir-UGT1A1-Kassahun 2007|In vitro Vmax for liver microsomes
;-0.251860716489961;0.198539135251248;-0.0874462715643909;-0.196159730255233;;;;0.446028864674461;-0.0083049671731758;0.258617980724796;0.409062154232228
;-0.254643579484784;0.183425206975994;-0.0887950451554895;-0.202768140899938;;;;0.44044117899793;-0.0115624970517488;0.256278563084695;0.400890129585621
;-0.249077853495138;0.213653063526502;-0.0860974979732923;-0.189551319610528;;;;0.451616550350992;-0.00504743729460284;0.260957398364897;0.417234178878835
;0.999963838522856;0.998286371450586;0.999929536535049;0.999663931783879;;;;0.999953514564729;0.956414098827628;0.999975762565615;0.999881797005129
;9.22917368499273e-08;3.01222432236552e-05;2.51040642412007e-07;2.61501278457552e-06;;;;1.3451486290631e-07;0.00391367283454777;5.06432993124028e-08;5.45440002006129e-07
