Output;Raltegravir;Raltegravir;Raltegravir;Raltegravir;upper CI 95;R-square;pValue;Raltegravir;Raltegravir;Raltegravir;Raltegravir
;C_max;C_max;C_max;C_max;;;;Vd;Vd;Vd;Vd
;Lipophilicity;Specific intestinal permeability (transcellular);Raltegravir-UGT1A9-Kassahun 2007|In vitro Vmax for liver microsomes;Raltegravir-UGT1A1-Kassahun 2007|In vitro Vmax for liver microsomes;;;;Lipophilicity;Specific intestinal permeability (transcellular);Raltegravir-UGT1A9-Kassahun 2007|In vitro Vmax for liver microsomes;Raltegravir-UGT1A1-Kassahun 2007|In vitro Vmax for liver microsomes
;-0.249002422494192;0.176942429844113;-0.0869952481292243;-0.17196661113134;;;;0.495231707094553;-0.0347988407479488;0.251470680706827;0.38051295978916
;-0.250764776709572;0.160293696349703;-0.0883317743518669;-0.178036465346117;;;;0.487256685324961;-0.0373897735411914;0.249320910276826;0.371992026824199
;-0.247240068278811;0.193591163338524;-0.0856587219065818;-0.165896756916562;;;;0.503206728864144;-0.0322079079547061;0.253620451136827;0.389033892754121
;0.999985162118457;0.9973844675384;0.999930091074263;0.999631101321387;;;;0.999923190914331;0.998360659053348;0.999978352929148;0.999851485118675
;2.42576455843257e-08;5.68159343711067e-05;2.48082948724921e-07;3.00744423560815e-06;;;;2.85704949788925e-07;2.81842521776237e-05;4.27454990909993e-08;7.68180314323495e-07
